<?xml version="1.0" encoding="UTF-8" standalone="yes"?>
<addon id="repository.ToMeR" name=".[COLOR blue]..~ToMeRepo~[/COLOR] [COLOR yellow]Repository...®[/COLOR]" version="1.0.0" provider-name="ToMeR">
	<extension point="xbmc.addon.repository" name="ToMeRepo">
		<info compressed="false">https://github.com/tmkodirepo/repository.ToMeRepo/raw/master/addons.xml</info>
		<checksum>https://github.com/tmkodirepo/repository.ToMeRepo/raw/master/addons.xml.md5</checksum>
		<datadir zip="true">https://github.com/tmkodirepo/repository.ToMeRepo/tree/master/Zip</datadir>
	</extension>
	<extension point="xbmc.addon.metadata">
		<summary>מאגר הרחבות קטן ומדוייק.</summary>
		<description>פה תמצאו הרחבות לקודי שעברו בדיקה מדוקדקת , מכל הרפויים הקיימים שיש ,מאגר קטן זמין ומתעדכן באופן שוטף</description>
		<platform>all</platform>
	</extension>
</addon>
